[
  {
    "id": "p-bee-01",
    "title": "Bee Coaster — \"Life is Bee-utiful\"",
    "price": "₹499",
    "size": "Round coaster, approx 4 inches",
    "material": "Wood base, hand-painted, clay/mirror accents",
    "description": "Cute hand-painted bee-themed round coaster with an uplifting message. Perfect as a small gift or decorative piece.",
    "image": "/images/bee_coaster.jpg",
    "buy_link": "https://wa.me/917303227062?text=Hello%20Anira%21%20I%20want%20to%20buy%20Bee%20Coaster%20%E2%80%94%20%22Life%20is%20Bee-utiful%22."
  },
  {
    "id": "p-collage-01",
    "title": "Lippan Art Set — Four Round Panels (Assorted)",
    "price": "₹2,499",
    "size": "Each panel approx 8–10 inches",
    "material": "Clay, mirror work, hand-painted on wooden rounds",
    "description": "Set of four vibrant Lippan art round panels featuring traditional and contemporary motifs — ideal for wall decor or gifting.",
    "image": "/images/lippan_set_collage.jpg",
    "buy_link": "https://wa.me/917303227062?text=Hello%20Anira%21%20I%20want%20to%20buy%20Lippan%20Art%20Set%20%E2%80%94%20Four%20Round%20Panels%20%28Assorted%29."
  },
  {
    "id": "p-red-01",
    "title": "Handcrafted Lippan Round — Traditional Motif",
    "price": "₹1,199",
    "size": "Approx 8–10 inches",
    "material": "Clay, mirror inlay, acrylic paints on wood",
    "description": "Bright traditional Lippan round with intricate detailing and mirror accents — a charming wall piece for home decor.",
    "image": "/images/lippan_red_round.jpg",
    "buy_link": "https://wa.me/917303227062?text=Hello%20Anira%21%20I%20want%20to%20buy%20Handcrafted%20Lippan%20Round%20%E2%80%94%20Traditional%20Motif."
  }
]